Object,Type,RA (h),DEC (deg),Magnitude,Size (arcminutes),NGC#,Constellation,Detailed Type,Common Name,,,,,,
M1,Nebula,5.575,22.01667,8.4,6,NGC1952,Taurus,Supernova Remnant,Crab Nebula,,,,,,
M2,Globular Cluster,21.55833,-0.81667,6.5,12.9,NGC7089,Aquarius,Globular Cluster,,,,,,,
M3,Globular Cluster,13.70333,28.38333,6.4,16.2,NGC5272,Canes Venaciti,Globular Cluster,,,,,,,
M4,Globular Cluster,16.39333,-26.53333,5.9,26.3,NGC6121,Scorpius,Globular Cluster,,,,,,,
M5,Globular Cluster,15.31,2.08333,5.8,17.4,NGC5904,Serpens,Globular Cluster,,,,,,,
M6,Open Cluster,17.66833,-32.21667,4.2,15,NGC6405,Scorpius,Open Cluster,Butterfly Cluster,,,,,,
M7,Open Cluster,17.89833,-34.81667,3.3,80,NGC6475,Scorpius,Open Cluster,Ptolemy Cluster,,,,,,
M8,Nebula,18.06333,-24.38333,5.8,90,NGC6523,Sagittarius,Diffuse Nebula,Lagoon Nebula,,,,,,
M9,Globular Cluster,17.32,-18.51667,7.9,9.3,NGC6333,Ophiuchus,Globular Cluster,,,,,,,
M10,Globular Cluster,16.95167,-4.1,6.6,15.1,NGC6254,Ophiuchus,Globular Cluster,,,,,,,
M11,Open Cluster,18.85167,-6.26667,5.8,14,NGC6705,Scutum,Open Cluster,Wild Duck Cluster,,,,,,
M12,Globular Cluster,16.78667,-1.95,6.6,14.5,NGC6218,Ophiuchus,Globular Cluster,,,,,,,
M13,Globular Cluster,16.695,36.46667,5.9,16.6,NGC6205,Hercules,Globular Cluster,Hercules Globular Cluster,,,,,,
M14,Globular Cluster,17.62667,-3.25,7.6,11.7,NGC6402,Ophiuchus,Globular Cluster,,,,,,,
M15,Globular Cluster,21.5,12.16667,6.4,12.3,NGC7078,Pegasus,Globular Cluster,,,,,,,
M16,Open Cluster,18.31333,-13.78333,6,35,NGC6611,Serpens,Open Cluster,Eagle Nebula,,,,,,
M17,Open Cluster,18.34667,-16.18333,6,46,NGC6618,Sagittarius,Diffuse Nebula,Lobster Nebula,,,,,,
M18,Open Cluster,18.33167,-17.13333,6.9,9,NGC6613,Sagittarius,Open Cluster,,,,,,,
M19,Globular Cluster,17.04333,-26.26667,7.2,13.5,NGC6273,Ophiuchus,Globular Cluster,,,,,,,
M20,Open Cluster,18.03833,-23.03333,6.3,29,NGC6514,Sagittarius,Diffuse Nebula,Trifid Nebula,,,,,,
M21,Open Cluster,18.07667,-22.5,5.9,13,NGC6531,Sagittarius,Open Cluster,,,,,,,
M22,Globular Cluster,18.60667,-23.9,5.1,24,NGC6656,Sagittarius,Globular Cluster,Sagittarius Cluster,,,,,,
M23,Open Cluster,17.94667,-19.01667,5.5,27,NGC6494,Sagittarius,Open Cluster,,,,,,,
M24,Open Cluster,18.30667,-18.41667,11,5,NGC6603,Sagittarius,Milky Way Patch,Sagittarius Star Cloud,,,,,,
M25,Open Cluster,18.52667,-19.25,0,0,NGC0000,Sagittarius,Open Cluster,,,,,,,
M26,Open Cluster,18.75333,-9.4,8,15,NGC6694,Scutum,Open Cluster,,,,,,,
M27,Nebula,19.99333,22.71667,8.1,15.2,NGC6853,Vulpecula,Planetary Nebula,Dumbbell Nebula,,,,,,
M28,Globular Cluster,18.40833,-24.86667,6.9,11.2,NGC6626,Sagittarius,Globular Cluster,,,,,,,
M29,Open Cluster,20.39833,38.53333,6.6,7,NGC6913,Cygnus,Open Cluster,,,,,,,
M30,Globular Cluster,21.67333,-23.18333,7.5,11,NGC7099,Capricornus,Globular Cluster,,,,,,,
M31,Galaxy,0.71167,41.26667,3.5,178,NGC224,Andromeda,Spiral Galaxy,Andromeda Galaxy,,,,,,
M32,Galaxy,0.71167,40.86667,8.2,7.6,NGC221,Andromeda,Elliptical Galaxy,,,,,,,
M33,Galaxy,1.565,30.65,5.7,62,NGC598,Triangulum,Spiral Galaxy,Triangulum Galaxy,,,,,,
M34,Open Cluster,2.7,42.78333,5.2,35,NGC1039,Perseus,Open Cluster,,,,,,,
M35,Open Cluster,6.14833,24.33333,5.1,28,NGC2168,Gemini,Open Cluster,,,,,,,
M36,Open Cluster,5.60167,34.13333,6,12,NGC1960,Auriga,Open Cluster,,,,,,,
M37,Open Cluster,5.87333,32.55,5.6,24,NGC2099,Auriga,Open Cluster,,,,,,,
M38,Open Cluster,5.47833,35.83333,6.4,21,NGC1912,Auriga,Open Cluster,,,,,,,
M39,Open Cluster,21.53667,48.43333,4.6,32,NGC7092,Cygnus,Open Cluster,,,,,,,
M40,Open Cluster,12.37333,58.08333,0,0,NGC0000,Ursa Major,Binary Star,Winnecke 4,,,,,,
M41,Open Cluster,6.76667,-20.73333,4.5,38,NGC2287,Canis Major,Open Cluster,,,,,,,
M42,Nebula,5.59,-5.45,4,66,NGC1976,Orion,Diffuse Nebula,Orion Nebula,,,,,,
M43,Nebula,5.59333,-5.26667,9,20,NGC1982,Orion,Diffuse Nebula,De Mairan's Nebula,,,,,,
M44,Open Cluster,8.66833,19.98333,3.1,95,NGC2632,Cancer,Open Cluster,Beehive Cluster,,,,,,
M45,Open Cluster,3.783333,24.11667,0,0,NGC0000,Taurus,Open Cluster,Pleiades,,,,,,
M46,Open Cluster,7.69667,-14.81667,6.1,27,NGC2437,Puppis,Open Cluster,,,,,,,
M47,Open Cluster,7.61,-14.5,4.4,30,NGC2422,Puppis,Open Cluster,,,,,,,
M48,Open Cluster,8.23,-5.8,5.8,54,NGC2548,Hydra,Open Cluster,,,,,,,
M49,Galaxy,12.49667,8,8.4,8.9,NGC4472,Virgo,Elliptical Galaxy,,,,,,,
M50,Open Cluster,7.05333,-8.33333,5.9,16,NGC2323,Monoceros,Open Cluster,,,,,,,
M51,Galaxy,13.49833,47.2,8.4,11,NGC5194,Canes Venaciti,Spiral Galaxy,Whirlpool Galaxy,,,,,,
M52,Open Cluster,23.40333,61.58333,6.9,13,NGC7654,Cassiopeia,Open Cluster,,,,,,,
M53,Globular Cluster,13.215,18.16667,7.7,12.6,NGC5024,Coma Berenices,Globular Cluster,,,,,,,
M54,Globular Cluster,18.91833,-30.48333,7.7,9.1,NGC6715,Sagittarius,Globular Cluster,,,,,,,
M55,Globular Cluster,19.66667,-30.96667,7,19,NGC6809,Sagittarius,Globular Cluster,,,,,,,
M56,Globular Cluster,19.27667,30.18333,8.3,7.1,NGC6779,Lyra,Globular Cluster,,,,,,,
M57,Nebula,18.89333,33.03333,9,2.5,NGC6720,Lyra,Planetary Nebula,Ring Nebula,,,,,,
M58,Galaxy,12.62833,11.81667,9.8,5.4,NGC4579,Virgo,Spiral Galaxy,,,,,,,
M59,Galaxy,12.7,11.65,9.8,5.1,NGC4621,Virgo,Elliptical Galaxy,,,,,,,
M60,Galaxy,12.72833,11.55,8.8,7.2,NGC4649,Virgo,Elliptical Galaxy,,,,,,,
M61,Galaxy,12.365,4.46667,9.7,6,NGC4303,Virgo,Spiral Galaxy,,,,,,,
M62,Globular Cluster,17.02,-30.11667,6.6,14.1,NGC6266,Ophiuchus,Globular Cluster,,,,,,,
M63,Galaxy,13.26333,42.03333,8.6,12.3,NGC5055,Canes Venaciti,Spiral Galaxy,Sunflower Galaxy,,,,,,
M64,Galaxy,12.945,21.68333,8.5,9.3,NGC4826,Coma Berenices,Spiral Galaxy,Black Eye Galaxy,,,,,,
M65,Galaxy,11.315,13.08333,9.3,10,NGC3623,Leo,Spiral Galaxy,Leo Triplet,,,,,,
M66,Galaxy,11.33667,12.98333,9,8.7,NGC3627,Leo,Spiral Galaxy,Leo Triplet,,,,,,
M67,Open Cluster,8.84,11.81667,6.9,30,NGC2682,Cancer,Open Cluster,,,,,,,
M68,Globular Cluster,12.65833,-26.75,8.2,12,NGC4590,Hydra,Globular Cluster,,,,,,,
M69,Globular Cluster,18.52333,-32.35,7.7,7.1,NGC6637,Sagittarius,Globular Cluster,,,,,,,
M70,Globular Cluster,18.72,-32.3,8.1,7.8,NGC6681,Sagittarius,Globular Cluster,,,,,,,
M71,Globular Cluster,19.89667,18.78333,8.3,7.2,NGC6838,Sagitta,Globular Cluster,,,,,,,
M72,Globular Cluster,20.89167,-12.53333,9.4,5.9,NGC6981,Aquarius,Globular Cluster,,,,,,,
M73,Open Cluster,20.98333,-12.63333,9,3,NGC6994,Aquarius,Asterism,,,,,,,
M74,Galaxy,1.61167,15.78333,9.2,10.2,NGC628,Pisces,Spiral Galaxy,,,,,,,
M75,Globular Cluster,20.10167,-21.91667,8.6,6,NGC6864,Sagittarius,Globular Cluster,,,,,,,
M76,Nebula,1.705,51.56667,12,4.8,NGC650,Perseus,Planetary Nebula,Little Dumbbell Nebula,,,,,,
M77,Galaxy,2.71167,-0.01667,8.8,6.9,NGC1068,Cetus,Spiral Galaxy,Cetus A,,,,,,
M78,Nebula,5.77833,0.05,8,8,NGC2068,Orion,Diffuse Nebula,,,,,,,
M79,Globular Cluster,5.40833,-24.55,8,8.7,NGC1904,Lepus,Globular Cluster,,,,,,,
M80,Globular Cluster,16.28333,-22.98333,7.2,8.9,NGC6093,Scorpius,Globular Cluster,,,,,,,
M81,Galaxy,9.92667,69.06667,6.9,25.7,NGC3031,Ursa Major,Spiral Galaxy,Bode's Galaxy,,,,,,
M82,Galaxy,9.93,69.68333,8.4,11.2,NGC3034,Ursa Major,Irregular Galaxy,Cigar Galaxy,,,,,,
M83,Galaxy,13.61667,-29.86667,7.6,11.2,NGC5236,Hydra,Spiral Galaxy,Southern Pinwheel Galaxy,,,,,,
M84,Galaxy,12.41833,12.88333,9.3,5,NGC4374,Virgo,Lenticular Galaxy,,,,,,,
M85,Galaxy,12.42333,18.18333,9.2,7.1,NGC4382,Coma Berenices,Lenticular Galaxy,,,,,,,
M86,Galaxy,12.43667,12.95,9.2,7.4,NGC4406,Virgo,Lenticular Galaxy,,,,,,,
M87,Galaxy,12.51333,12.4,8.6,7.2,NGC4486,Virgo,Elliptical Galaxy,Virgo A,,,,,,
M88,Galaxy,12.53333,14.41667,9.5,6.9,NGC4501,Coma Berenices,Spiral Galaxy,,,,,,,
M89,Galaxy,12.595,12.55,9.8,4.2,NGC4552,Virgo,Elliptical Galaxy,,,,,,,
M90,Galaxy,12.61333,13.16667,9.5,9.5,NGC4569,Virgo,Spiral Galaxy,,,,,,,
M91,Galaxy,12.59,14.5,10.2,5.4,NGC4548,Coma Berenices,Spiral Galaxy,,,,,,,
M92,Globular Cluster,17.285,43.13333,6.5,11.2,NGC6341,Hercules,Globular Cluster,,,,,,,
M93,Open Cluster,7.74333,-23.86667,6.2,22,NGC2447,Puppis,Open Cluster,,,,,,,
M94,Galaxy,12.84833,41.11667,8.2,11,NGC4736,Canes Venaciti,Spiral Galaxy,,,,,,,
M95,Galaxy,10.73333,11.7,9.7,7.4,NGC3351,Leo,Spiral Galaxy,,,,,,,
M96,Galaxy,10.78,11.81667,9.2,7.1,NGC3368,Leo,Spiral Galaxy,,,,,,,
M97,Nebula,11.24667,55.01667,11.2,3.2,NGC3587,Ursa Major,Planetary Nebula,Owl Nebula,,,,,,
M98,Galaxy,12.23,14.9,10.1,9.5,NGC4192,Coma Berenices,Spiral Galaxy,,,,,,,
M99,Galaxy,12.31333,14.41667,9.8,5.4,NGC4254,Coma Berenices,Spiral Galaxy,,,,,,,
M100,Galaxy,12.38167,15.81667,9.4,6.9,NGC4321,Coma Berenices,Spiral Galaxy,,,,,,,
M101,Galaxy,14.05333,54.35,7.7,26.9,NGC5457,Ursa Major,Spiral Galaxy,Pinwheel Galaxy,,,,,,
M102,Galaxy,14.05333,54.35,7.7,26.9,NGC5457,Ursa Major,Spiral Galaxy,,,,,,,
M103,Open Cluster,1.55333,60.7,7.4,6,NGC581,Cassiopeia,Open Cluster,,,,,,,
M104,Galaxy,12.66667,-11.61667,8.3,8.9,NGC4594,Virgo,Spiral Galaxy,Sombrero Galaxy,,,,,,
M105,Galaxy,10.79667,12.58333,9.3,4.5,NGC3379,Leo,Elliptical Galaxy,,,,,,,
M106,Galaxy,12.31667,47.3,8.3,18.2,NGC4258,Canes Venaciti,Spiral Galaxy,,,,,,,
M107,Globular Cluster,16.54167,-13.05,8.1,10,NGC6171,Ophiuchus,Globular Cluster,,,,,,,
M108,Galaxy,11.19167,55.66667,10.1,8.3,NGC3556,Ursa Major,Spiral Galaxy,,,,,,,
M109,Galaxy,11.96,53.38333,9.8,7.6,NGC3992,Ursa Major,Spiral Galaxy,,,,,,,
M110,Galaxy,0.67333,41.68333,8,17.4,NGC205,Andromeda,Elliptical Galaxy,,,,,,,
NGC6543,Nebula,17.97595,66.6332,9.8,0.33,NGC6543,Draco,Planetary Nebula,Cat's Eye Nebula,,,,,,
NGC5139,Globular Cluster,13.44608,-47.47686,3.7,36.3,NGC5139,Centaurus,Globular Cluster,Omega Centauri,,,,,,
HDF,Hubble,12.613722,62.21611,20,0.1,HDF,Ursa Major,Other,Hubble Deep Field,,,,,,
,,,,,,,,,,,,,,,
,,,,,,,,,,,,,,,
,,,,,,,,,,,,,,,
,,,,,,,,,,,,,,,
V838Mon,Other,7.06801,-3.84725,15.74,0.1,V838,Monoceros,Other,V838 Monocerotis,,,,,,
,,,,,,,,,,,,,,,
M1  -  Supernova Remnant,,,,,,,,,,,,,,,
M2  -  Globular Cluster,,,,,,,,,,,,,,,
M3  -  Globular Cluster,,,,,,,,,,,,,,,
M4  -  Globular Cluster,,,,,,,,,,,,,,,
M5  -  Globular Cluster,,,,,,,,,,,,,,,
M6  -  Open Cluster,,,,,,,,,,,,,,,
M7  -  Open Cluster,,,,,,,,,,,,,,,
M8  -  Diffuse Nebula,,,,,,,,,,,,,,,
M9  -  Globular Cluster,,,,,,,,,,,,,,,
M10  -  Globular Cluster,,,,,,,,,,,,,,,
M11  -  Open Cluster,,,,,,,,,,,,,,,
M12  -  Globular Cluster,,,,,,,,,,,,,,,
M13  -  Globular Cluster,,,,,,,,,,,,,,,
M14  -  Globular Cluster,,,,,,,,,,,,,,,
M15  -  Globular Cluster,,,,,,,,,,,,,,,
M16  -  Open Cluster,,,,,,,,,,,,,,,
M17  -  Diffuse Nebula,,,,,,,,,,,,,,,
M18  -  Open Cluster,,,,,,,,,,,,,,,
M19  -  Globular Cluster,,,,,,,,,,,,,,,
M20  -  Diffuse Nebula,,,,,,,,,,,,,,,
M21  -  Open Cluster,,,,,,,,,,,,,,,
M22  -  Globular Cluster,,,,,,,,,,,,,,,
M23  -  Open Cluster,,,,,,,,,,,,,,,
M24  -  Milky Way Patch,,,,,,,,,,,,,,,
M25  -  Open Cluster,,,,,,,,,,,,,,,
M26  -  Open Cluster,,,,,,,,,,,,,,,
M27  -  Planetary Nebula,,,,,,,,,,,,,,,
M28  -  Globular Cluster,,,,,,,,,,,,,,,
M29  -  Open Cluster,,,,,,,,,,,,,,,
M30  -  Globular Cluster,,,,,,,,,,,,,,,
M31  -  Spiral Galaxy,,,,,,,,,,,,,,,
M32  -  Elliptical Galaxy,,,,,,,,,,,,,,,
M33  -  Spiral Galaxy,,,,,,,,,,,,,,,
M34  -  Open Cluster,,,,,,,,,,,,,,,
M35  -  Open Cluster,,,,,,,,,,,,,,,
M36  -  Open Cluster,,,,,,,,,,,,,,,
M37  -  Open Cluster,,,,,,,,,,,,,,,
M38  -  Open Cluster,,,,,,,,,,,,,,,
M39  -  Open Cluster,,,,,,,,,,,,,,,
M40  -  Binary Star,,,,,,,,,,,,,,,
M41  -  Open Cluster,,,,,,,,,,,,,,,
M42  -  Diffuse Nebula,,,,,,,,,,,,,,,
M43  -  Diffuse Nebula,,,,,,,,,,,,,,,
M44  -  Open Cluster,,,,,,,,,,,,,,,
M45  -  Open Cluster,,,,,,,,,,,,,,,
M46  -  Open Cluster,,,,,,,,,,,,,,,
M47  -  Open Cluster,,,,,,,,,,,,,,,
M48  -  Open Cluster,,,,,,,,,,,,,,,
M49  -  Elliptical Galaxy,,,,,,,,,,,,,,,
M50  -  Open Cluster,,,,,,,,,,,,,,,
M51  -  Spiral Galaxy,,,,,,,,,,,,,,,
M52  -  Open Cluster,,,,,,,,,,,,,,,
M53  -  Globular Cluster,,,,,,,,,,,,,,,
M54  -  Globular Cluster,,,,,,,,,,,,,,,
M55  -  Globular Cluster,,,,,,,,,,,,,,,
M56  -  Globular Cluster,,,,,,,,,,,,,,,
M57  -  Planetary Nebula,,,,,,,,,,,,,,,
M58  -  Spiral Galaxy,,,,,,,,,,,,,,,
M59  -  Elliptical Galaxy,,,,,,,,,,,,,,,
M60  -  Elliptical Galaxy,,,,,,,,,,,,,,,
M61  -  Spiral Galaxy,,,,,,,,,,,,,,,
M62  -  Globular Cluster,,,,,,,,,,,,,,,
M63  -  Spiral Galaxy,,,,,,,,,,,,,,,
M64  -  Spiral Galaxy,,,,,,,,,,,,,,,
M65  -  Spiral Galaxy,,,,,,,,,,,,,,,
M66  -  Spiral Galaxy,,,,,,,,,,,,,,,
M67  -  Open Cluster,,,,,,,,,,,,,,,
M68  -  Globular Cluster,,,,,,,,,,,,,,,
M69  -  Globular Cluster,,,,,,,,,,,,,,,
M70  -  Globular Cluster,,,,,,,,,,,,,,,
M71  -  Globular Cluster,,,,,,,,,,,,,,,
M72  -  Globular Cluster,,,,,,,,,,,,,,,
M73  -  Asterism,,,,,,,,,,,,,,,
M74  -  Spiral Galaxy,,,,,,,,,,,,,,,
M75  -  Globular Cluster,,,,,,,,,,,,,,,
M76  -  Planetary Nebula,,,,,,,,,,,,,,,
M77  -  Spiral Galaxy,,,,,,,,,,,,,,,
M78  -  Diffuse Nebula,,,,,,,,,,,,,,,
M79  -  Globular Cluster,,,,,,,,,,,,,,,
M80  -  Globular Cluster,,,,,,,,,,,,,,,
M81  -  Spiral Galaxy,,,,,,,,,,,,,,,
M82  -  Irregular Galaxy,,,,,,,,,,,,,,,
M83  -  Spiral Galaxy,,,,,,,,,,,,,,,
M84  -  Lenticular Galaxy,,,,,,,,,,,,,,,
M85  -  Lenticular Galaxy,,,,,,,,,,,,,,,
M86  -  Lenticular Galaxy,,,,,,,,,,,,,,,
M87  -  Elliptical Galaxy,,,,,,,,,,,,,,,
M88  -  Spiral Galaxy,,,,,,,,,,,,,,,
M89  -  Elliptical Galaxy,,,,,,,,,,,,,,,
M90  -  Spiral Galaxy,,,,,,,,,,,,,,,
M91  -  Spiral Galaxy,,,,,,,,,,,,,,,
M92  -  Globular Cluster,,,,,,,,,,,,,,,
M93  -  Open Cluster,,,,,,,,,,,,,,,
M94  -  Spiral Galaxy,,,,,,,,,,,,,,,
M95  -  Spiral Galaxy,,,,,,,,,,,,,,,
M96  -  Spiral Galaxy,,,,,,,,,,,,,,,
M97  -  Planetary Nebula,,,,,,,,,,,,,,,
M98  -  Spiral Galaxy,,,,,,,,,,,,,,,
M99  -  Spiral Galaxy,,,,,,,,,,,,,,,
M100  -  Spiral Galaxy,,,,,,,,,,,,,,,
M101  -  Spiral Galaxy,,,,,,,,,,,,,,,
M102  -  Spiral Galaxy,,,,,,,,,,,,,,,
M103  -  Open Cluster,,,,,,,,,,,,,,,
M104  -  Spiral Galaxy,,,,,,,,,,,,,,,
M105  -  Elliptical Galaxy,,,,,,,,,,,,,,,
M106  -  Spiral Galaxy,,,,,,,,,,,,,,,
M107  -  Globular Cluster,,,,,,,,,,,,,,,
M108  -  Spiral Galaxy,,,,,,,,,,,,,,,
M109  -  Spiral Galaxy,,,,,,,,,,,,,,,
M110  -  Elliptical Galaxy,,,,,,,,,,,,,,,
NGC6543  -  Planetary Nebula,,,,,,,,,,,,,,,
NGC5139  -  Globular Cluster,,,,,,,,,,,,,,,
HDF  -  Hubble Deep Field,,,,,,,,,,,,,,,
,,,,,,,,,,,,,,,parsecs
1,1952,PN,VI,7200,6 x 4,8.4,05 34.5,+22 01,Tau,Wi.,Bevis,1731,Crab nebula,,2207.4828862437
2,7089,GC,II,52000,8.2,6.3,21 33.5,-00 50,Aqr,Au.,Maraldi,1746,,,15942.9319562041
3,5272,GC,VI,45000,19,6.4,13 42.2,+28 23,CVn,Sp.,Messier,1764,,,13796.7680390228
4,6121,GC,IX,7000,14,6.4,16 23.7,+26 31,Sco,Su.,de Cheseaux,1745,,,2146.1639171813
5,5904,GC,V,27000,12.7,6.2,15 18.5,+02 05,Ser,Su.,Kirch,1702,,,8278.0608234137
6,6405,OC,e,1850,25,5.3,17 40.1,-32 13,Sco,Su.,de Cheseaux,1745,Butterfly cluster,,567.2004638265
7,6475,OC,e,1230,60,3.2,17 53.9,-34 49,Sco,Su.,Ptolemy,138?,Ptolemy's cluster,,377.1116597333
8,6523,DN,,2500,60 x 35,6,18 03.2,-24 23,Sgr,Su.,Flamsteed,1680,Lagoon nebula,,766.487113279
9,6333,GC,VIII,26000,6,7.3,17 19.1,-18 31,Oph,Su.,Messier,1764,,,7971.4659781021
10,6254,GC,VII,16000,8.2,6.7,16 57.1,-04 07,Oph,Su.,Messier,1764,,,4905.5175249859
11,6705,OC,g,5670,10,6.3,18 51.1,-06 16,Sct,Su.,Kirch,1681,Wild duck cluster,,1738.3927729169
12,6218,GC,IX,19000,9.3,6.6,16 47.2,-01 57,Oph,Su.,Messier,1764,,,5825.3020609207
13,6205,GC,V,22000,10,5.7,16 41.7,+36 27,Her,Su.,Halley,1714,The Hercules cluster,,6745.0865968556
14,6402,GC,VIII,23000,3,7.7,17 37.6,-03 15,Oph,Su.,Messier,1764,,,7051.6814421672
15,7078,GC,IV,49000,7.4,6,21 30.0,+12 10,Peg,Au.,Maraldi,1746,,,15023.1474202693
16,6611,DN,,4600,35 x 28,6.4,18 18.8,-13 47,Ser,Su.,de Cheseaux,1745,Eagle nebula,,1410.3362884335
17,6618,DN,,3300,46 x 37,7,18 20.8,-16 11,Sgr,Su.,de Cheseaux,1745,Omega nebula,,1011.7629895283
18,6613,OC,d,4900,9,7.5,18 19.9,-17 08,Sgr,Su.,Messier,1764,,,1502.3147420269
19,6273,GC,VIII,22000,4.3,6.6,17 02.6,-26 15,Oph,Su.,Messier,1764,,,6745.0865968556
20,6514,DN,,2200,29 x 27,9,18 01.9,-23 02,Sgr,Su.,Messier,1764,Trifid nebula,,674.5086596856
21,6531,OC,d,2960,10,6.5,18 04.7,-22 30,Sgr,Su.,Messier,1764,,,907.5207421224
22,6656,GC,VII,10000,17.3,5.9,18 36.4,-23 55,Sgr,Su.,Ihle,1665,,,3065.9484531162
23,6494,OC,e,4490,25,6.9,17 56.9,-19 01,Sgr,Su.,Messier,1764,,,1376.6108554492
24,6603,SC,-,16000,90,4.6,18 18.4,-18 25,Sgr,Su.,Messier,1764,Star cloud,,4905.5175249859
25,IC4725,OC,d,1790,40,6.5,18 31.7,-19 15,Sgr,Su.,de Cheseaux,1745,,,548.8047731078
26,6694,OC,f,4900,9,9.3,18 45.3,-09 24,Sct,Su.,Messier,1764,,,1502.3147420269
27,6853,PN,IIIa,970,8 x 4,7.6,19 59.6,+22 43,Vul,Su.,Messier,1764,Dumb-bell nebula,,297.3969999523
28,6626,GC,IV,15000,4.7,7.3,18 24.6,-24 52,Sgr,Su.,Messier,1764,,,4598.9226796743
29,6913,OC,d,3100,12,7.1,20 23.9,+38 32,Cyg,Su.,Messier,1764,,,950.444020466
30,7099,GC,V,41000,5.7,8.4,21 40.3,-23 11,Cap,Au.,Messier,1764,,,12570.3886577763
31,224,GX,Sb,2300000,109 x 62,4.8,00 42.7,+41 16,And,Au.,?,Ancient,Andromeda galaxy,,705168.144216721
32,221,GX,E2,2300000,8.7 x 6.5,8.7,00 42.7,+40 52,And,Au.,le Gentil,1749,Satellite galaxy of M31,,705168.144216721
33,598,GX,Scd,2600000,70.8 x 41.7,6.7,01 33.8,+30 39,Tri,Au.,Messier,1764,,,797146.597810206
34,1039,OC,d,1400,18,5.5,02 42.0,+42 47,Per,Au.,Messier,1764,,,429.2327834363
35,2168,OC,e,2570,40,5.3,06 08.9,+24 20,Gem,Wi.,de Cheseaux,1745,,,787.9487524509
36,1960,OC,f,3780,12,6.3,05 35.3,+34 09,Aur,Wi.,le Gentil,1749,,,1158.9285152779
37,2099,OC,f,4720,20,6.2,05 52.4,+32 33,Aur,Wi.,Messier,1764,,,1447.1276698708
38,1912,OC,e,3580,20,7.4,05 28.7,+35 50,Aur,Wi.,le Gentil,1749,,,1097.6095462156
39,7092,OC,e,810,30,5.2,21 32.2,+48 26,Cyg,Su.,Messier,1764,,,248.3418247024
40,-,,,510,,,12 23.4,+58 03,UMa,Sp.,,,(Unidentified),,156.3633711089
41,2287,OC,e,2470,30,5,06 47.0,-20 44,CMa,Wi.,Flamsteed,1702,,,757.2892679197
42,1976,DN,,1300,66 x 60,4,05 35.4,-05 23,Ori,Wi.,Peiresc,1610,The Orion nebula,,398.5732989051
43,1982,DN,,1300,20 x 15,9,05 35.6,-05 16,Ori,Wi.,de Mairan,1731,The Orion nebula,,398.5732989051
44,2632,OC,d,520,95,3.7,08 40.3,+19 49,Cnc,Sp.,?,Ancient,Praesepe,,159.429319562
45,Mel. 22,OC,c,410,100,1.4,03 47.1,+24 07,Tau,Wi.,?,Ancient,Pleiades,,125.7038865778
46,2437,OC,f,5930,24,6,07 41.8,-14 49,Pup,Wi.,Messier,1771,,,1818.1074326979
47,2422,OC,d,3740,25,4.5,07 36.6,-14 29,Pup,Wi.,Messier,1771,,,1146.6647214655
48,2548,OC,f,3090,30,5.3,08 13.7,-05 47,Hya,Sp.,Messier,1771,,,947.3780720129
49,4472,GX,E4,41000000,2.8 x 1.8,8.6,12 29.7,+07 59,Vir,Sp.,Messier,1771,,,12570388.6577763
50,2323,OC,e,2600,16,6.9,07 03.0,-08 20,Mon,Wi.,Messier,1772,,,797.1465978102
51,5194,GX,Sbc,25100000,11.2 x 6.9,8.1,13 29.9,+47 12,CVn,Sp.,Messier,1773,Whirlpool galaxy,,7695530.61732161
52,7654,OC,e,3810,12,7.3,23 24.2,+61 35,Cas,Au.,Messier,1774,,,1168.1263606373
53,5024,GC,V,65000,10,7.6,13 12.9,+18 10,Com,Sp.,Bode,1775,,,19928.6649452552
54,6715,GC,III,49000,2.1,7.3,18 55.2,-30 28,Sgr,Su.,Messier,1778,,,15023.1474202693
55,6809,GC,XI,19000,10,7.6,19 40.1,-30 56,Sgr,Su.,Lacaille,1751,,,5825.3020609207
56,6779,GC,X,34000,5,8.2,19 16.6,+30 10,Lyr,Su.,Messier,1779,,,10424.224740595
57,6720,PN,IV,2150,1.2 x 1,9.3,18 53.6,+33 02,Lyr,Su.,Darquier,1779,Ring nebula,,659.17891742
58,4579,GX,SBc,41000000,4.4 x 3.5,9.2,12 37.5,+11 49,Vir,Sp.,Messier,1779,,,12570388.6577763
59,4621,GX,E3,41000000,2.7 x 1.6,9.6,12 42.0,+11 39,Vir,Sp.,Koehler,1779,,,12570388.6577763
60,4649,GX,E1,41000000,2 x 1.8,8.9,12 43.6,+11 33,Vir,Sp.,Koehler,1779,,,12570388.6577763
61,4303,GX,Sc,41000000,5.6 x 5.3,10.1,12 22.0,+04 28,Vir,Sp.,Oriani,1779,,,12570388.6577763
62,6266,GC,IV,22000,4.3,6.6,17 01.3,-30 07,Oph,Su.,Messier,1771,,,6745.0865968556
63,5055,GX,Sbc,23800000,12.6 x 7.2,9.5,13 15.8,+42 02,CVn,Sp.,Mechain,1779,Sunflower galaxy,,7296957.31841651
64,4826,GX,Sab,13400000,10 x 5.4,8.8,12 56.8,+21 41,Com,Sp.,Bode,1779,Black-eye galaxy,,4108370.92717568
65,3623,GX,Sb,27000000,7.8 x 1.5,9.3,11 18.9,+13 06,Leo,Sp.,Mechain,1780,,,8278060.82341368
66,3627,GX,Sb,27000000,9.1 x 4.2,8.4,11 20.2,+13 00,Leo,Sp.,Mechain,1780,,,8278060.82341368
67,2682,OC,f,2700,15,6.1,08 50.5,+11 49,Cnc,Sp.,Koehler,1779,,,827.8060823414
68,4590,GC,X,37000,2.9,8.2,12 39.5,-26 45,Hya,Sp.,Mechain,1780,,,11344.0092765299
69,6637,GC,V,23000,2.8,8.9,18 31.4,-32 21,Sgr,Su.,Lacaille,1751,,,7051.6814421672
70,6681,GC,V,65000,2.5,9.6,18 43.3,-32 18,Sgr,Su.,Messier,1780,,,19928.6649452552
71,6838,GC,g,18000,6.1,9,19 53.7,+18 47,Sge,Su.,de Cheseaux,1745,,,5518.7072156091
72,6981,GC,IX,60000,2,9.8,20 53.4,-12 33,Aqr,Au.,Mechain,1780,,,18395.6907186971
73,6994,SG,,2500,2.8,9,20 59.1,-12 38,Aqr,Au.,Mechain,1780,,,766.487113279
74,628,GX,Sc,31600000,10.5 x 9.5,10.2,01 36.7,+15 47,Psc,Au.,Mechain,1780,,,9688397.11184713
75,6864,GC,I,79000,1.9,8,20 06.1,-21 55,Sgr,Su.,Mechain,1780,,,24220.9927796178
76,650,PN,V,8180,2.5 x 1.5,12.2,01 42.0,+51 34,Per,Au.,Mechain,1780,Little dumb-bell nebula,,2507.945834649
77,1068,GX,Sb,46900000,7.1 x 6.0,8.9,02 42.7,-00 01,Cet,Au.,Mechain,1780,,,14379298.2451149
78,2068,DN,,1600,8 x 6,8.3,05 46.8,+00 03,Ori,Wi.,Mechain,1780,,,490.5517524986
79,1904,GC,V,43000,3.2,7.9,05 24.3,-24 31,Lep,Wi.,Mechain,1780,,,13183.5783483996
80,6093,GC,II,36000,3.3,7.7,16 17.1,-22 59,Sco,Su.,Messier,1781,,,11037.4144312182
81,3031,GX,Sab,17900000,26.9 x 14.1,7.9,09 55.6,+69 04,UMa,Sp.,Bode,1774,Bode's galaxy,,5488047.73107796
82,3034,GX,I0,17900000,11.2 x 4.3,8.8,09 56.0,+69 42,UMa,Sp.,Bode,1774,Bode's galaxy,,5488047.73107796
83,5236,GX,Sc,15300000,12.9 x 11.5,8.2,13 37.0,-29 52,Hya,Sp.,Lacaille,1751,,,4690901.13326775
84,4374,GX,E1,41000000,6.4 x 5.6,10,12 25.0,+12 53,Vir,Sp.,Messier,1781,,,12570388.6577763
85,4382,GX,SO,54800000,7.1 x 5.5,10,12 25.4,+18 11,Com,Sp.,Mechain,1781,,,16801397.5230767
86,4406,GX,E3,54800000,8.9 x 5.8,9.8,12 26.2,+12 56,Vir,Sp.,Messier,1781,,,16801397.5230767
87,4486,GX,E1,54800000,8.3 x 6.6,9.6,12 30.8,+12 23,Vir,Sp.,Messier,1781,,,16801397.5230767
88,4501,GX,Sb,41000000,6.9 x 3.7,10.7,12 32.0,+14 25,Com,Sp.,Messier,1781,,,12570388.6577763
89,4552,GX,E0,41000000,5.1 x 4.7,10.5,12 35.6,+12 33,Vir,Sp.,Messier,1781,,,12570388.6577763
90,4569,GX,Sc,41000000,9.6 x 4.4,10.3,12 36.8,+13 10,Vir,Sp.,Messier,1781,,,12570388.6577763
91,4548,GX,SBb,41000000,5.4 x 4.3,11.1,12 35.5,+14 30,Com,Sp.,Messier,1781,(confused with M58?),,12570388.6577763
92,6341,GC,IV,36000,8.3,6.1,17 17.1,+43 09,Her,Su.,Bode,1777,,,11037.4144312182
93,2447,OC,g,3580,25,6,07 44.5,-23 52,Pup,Wi.,Messier,1781,,,1097.6095462156
94,4736,GX,Sbp,14000000,11.2 x 9.1,9,12 50.9,+41 08,CVn,Sp.,Mechain,1781,,,4292327.83436265
95,3351,GX,SBb,29000000,7.4 x 5.0,10.7,10 43.9,+11 42,Leo,Sp.,Mechain,1781,,,8891250.51403692
96,3368,GX,Sbp,29000000,7.5 x 5.2,9.9,10 46.7,+11 49,Leo,Sp.,Mechain,1781,,,8891250.51403692
97,3587,PN,P,7460,3.2 x 3.2,12,11 14.9,+55 02,UMa,Sp.,Mechain,1781,Owl nebula,,2287.1975460247
98,4192,GX,Sb,36000000,8.4 x 1.9,10.7,12 13.8,+14 54,Com,Sp.,Mechain,1781,,,11037414.4312182
99,4254,GX,Sc,41000000,4.6 x 3.9,10.1,12 18.8,+14 25,Com,Sp.,Mechain,1781,,,12570388.6577763
100,4321,GX,Sc,41000000,5.3 x 4.5,10.6,12 22.9,+15 49,Com,Sp.,Mechain,1781,,,12570388.6577763
101,5457,GX,Scd,22500000,28.8 x 26.9,8.3,14 03.2,+54 21,UMa,Sp.,Mechain,1781,Pinwheel nebula,,6898384.0195114
102,5866,GX,E6p,32000000,2.8 x 1,10.8,14 05.1,+55 57,Dra,Su.,,,(confused with M101?),,9811035.04997177
103,581,OC,d,3740,5,7.4,01 33.2,+60 42,Cas,Au.,Mechain,1781,,,1146.6647214655
104,4594,GX,Sa,65200000,8.7 x 3.5,8.7,12 40.0,-11 37,Vir,Sp.,Mechain,1781,Sombrero nebula,,19989983.9143175
105,3379,GX,E1,29000000,5.3 x 4.7,10.1,10 47.8,+12 35,Leo,Sp.,Mechain,1781,,,8891250.51403692
106,4258,GX,Sbp,21000000,19.5 x 7,8.6,12 19.0,+47 18,CVn,Sp.,Mechain,1781,,,6438491.75154398
107,6171,GC,X,56000,2.2,9.2,16 32.5,-13 03,Oph,Su.,Mechain,1782,,,17169.3113374506
108,3556,GX,Sc,23000000,8.7 x 2.3,10.7,11 11.6,+55 41,UMa,Sp.,Mechain,1781,,,7051681.44216721
109,3992,GX,Sb,41000000,6.2 x 3.5,10.8,11 57.6,+53 22,UMa,Sp.,Mechain,1781,,,12570388.6577763
110,205,GX,E6,2100000,10 x 4.5,9.4,00 40.3,+41 41,And,Au.,Messier,1772,(Unauthorized),,643849.175154397
